credit_score,default_prob,score_band,decision,target
571,0.7321,Medium Risk,Manual Review,0
653,0.138,Low Risk,Approve,0
611,0.4072,Medium Risk,Manual Review,0
668,0.0869,Low Risk,Approve,0
649,0.153,Medium Risk,Manual Review,0
670,0.0801,Low Risk,Approve,0
706,0.0249,Low Risk,Approve,0
685,0.0503,Low Risk,Approve,0
649,0.1526,Medium Risk,Manual Review,0
623,0.3084,Medium Risk,Manual Review,0
637,0.2189,Medium Risk,Manual Review,0
639,0.2045,Medium Risk,Manual Review,0
653,0.137,Low Risk,Approve,0
561,0.7942,Medium Risk,Manual Review,0
636,0.2224,Medium Risk,Manual Review,0
676,0.0672,Low Risk,Approve,0
637,0.2187,Medium Risk,Manual Review,0
647,0.1657,Medium Risk,Manual Review,0
649,0.1536,Medium Risk,Manual Review,0
664,0.0966,Low Risk,Approve,0
643,0.183,Medium Risk,Manual Review,0
645,0.1752,Medium Risk,Manual Review,0
569,0.7463,Medium Risk,Manual Review,1
631,0.2516,Medium Risk,Manual Review,0
666,0.092,Low Risk,Approve,0
649,0.1537,Medium Risk,Manual Review,0
577,0.6857,Medium Risk,Manual Review,0
686,0.0476,Low Risk,Approve,0
684,0.0515,Low Risk,Approve,0
628,0.2735,Medium Risk,Manual Review,0
674,0.0718,Low Risk,Approve,0
659,0.1163,Low Risk,Approve,0
643,0.1815,Medium Risk,Manual Review,0
680,0.0588,Low Risk,Approve,0
634,0.238,Medium Risk,Manual Review,0
625,0.2929,Medium Risk,Manual Review,0
684,0.0517,Low Risk,Approve,0
690,0.0418,Low Risk,Approve,0
709,0.022,Low Risk,Approve,0
673,0.0747,Low Risk,Approve,0
680,0.0591,Low Risk,Approve,0
600,0.5018,Medium Risk,Manual Review,0
646,0.1698,Medium Risk,Manual Review,0
661,0.1084,Low Risk,Approve,0
593,0.5568,Medium Risk,Manual Review,0
544,0.8735,High Risk,Decline,1
645,0.1714,Medium Risk,Manual Review,0
640,0.2009,Medium Risk,Manual Review,1
639,0.2072,Medium Risk,Manual Review,0
624,0.3045,Medium Risk,Manual Review,0
632,0.245,Medium Risk,Manual Review,0
640,0.1996,Medium Risk,Manual Review,0
684,0.0519,Low Risk,Approve,0
736,0.0088,Low Risk,Approve,0
702,0.0281,Low Risk,Approve,0
633,0.2445,Medium Risk,Manual Review,0
718,0.0162,Low Risk,Approve,0
663,0.1003,Low Risk,Approve,0
698,0.0324,Low Risk,Approve,0
669,0.0844,Low Risk,Approve,0
694,0.0377,Low Risk,Approve,0
644,0.1799,Medium Risk,Manual Review,0
708,0.0232,Low Risk,Approve,0
632,0.2451,Medium Risk,Manual Review,0
605,0.4588,Medium Risk,Manual Review,0
699,0.0316,Low Risk,Approve,0
696,0.0342,Low Risk,Approve,0
664,0.0974,Low Risk,Approve,0
631,0.2578,Medium Risk,Manual Review,0
624,0.3003,Medium Risk,Manual Review,0
682,0.0552,Low Risk,Approve,0
693,0.0385,Low Risk,Approve,0
677,0.0641,Low Risk,Approve,0
665,0.0954,Low Risk,Approve,0
704,0.0261,Low Risk,Approve,0
664,0.0967,Low Risk,Approve,0
724,0.0136,Low Risk,Approve,0
699,0.031,Low Risk,Approve,0
615,0.37,Medium Risk,Manual Review,0
710,0.0214,Low Risk,Approve,0
644,0.179,Medium Risk,Manual Review,0
709,0.0226,Low Risk,Approve,0
598,0.5197,Medium Risk,Manual Review,0
739,0.0081,Low Risk,Approve,0
715,0.0181,Low Risk,Approve,0
645,0.1747,Medium Risk,Manual Review,0
708,0.0228,Low Risk,Approve,0
644,0.181,Medium Risk,Manual Review,0
670,0.0805,Low Risk,Approve,0
604,0.4658,Medium Risk,Manual Review,0
618,0.3467,Medium Risk,Manual Review,0
650,0.1485,Low Risk,Approve,0
570,0.7385,Medium Risk,Manual Review,0
653,0.1366,Low Risk,Approve,0
623,0.3119,Medium Risk,Manual Review,0
683,0.0541,Low Risk,Approve,0
654,0.1314,Low Risk,Approve,0
576,0.6966,Medium Risk,Manual Review,1
621,0.3237,Medium Risk,Manual Review,0
598,0.5189,Medium Risk,Manual Review,0
705,0.0254,Low Risk,Approve,0
583,0.6453,Medium Risk,Manual Review,0
627,0.283,Medium Risk,Manual Review,0
562,0.7915,Medium Risk,Manual Review,0
703,0.0275,Low Risk,Approve,0
673,0.0744,Low Risk,Approve,0
670,0.0823,Low Risk,Approve,0
666,0.0934,Low Risk,Approve,0
641,0.1931,Medium Risk,Manual Review,0
671,0.0777,Low Risk,Approve,0
595,0.5414,Medium Risk,Manual Review,1
616,0.3661,Medium Risk,Manual Review,0
658,0.1172,Low Risk,Approve,0
634,0.2383,Medium Risk,Manual Review,0
663,0.1012,Low Risk,Approve,0
597,0.5244,Medium Risk,Manual Review,0
648,0.1574,Medium Risk,Manual Review,0
706,0.0251,Low Risk,Approve,0
701,0.0293,Low Risk,Approve,0
666,0.0911,Low Risk,Approve,0
566,0.7623,Medium Risk,Manual Review,0
693,0.0384,Low Risk,Approve,0
618,0.3465,Medium Risk,Manual Review,0
682,0.055,Low Risk,Approve,0
701,0.0289,Low Risk,Approve,0
664,0.0984,Low Risk,Approve,0
657,0.1211,Low Risk,Approve,0
708,0.023,Low Risk,Approve,0
648,0.1594,Medium Risk,Manual Review,0
717,0.0172,Low Risk,Approve,0
640,0.2014,Medium Risk,Manual Review,0
659,0.1154,Low Risk,Approve,0
664,0.0986,Low Risk,Approve,0
642,0.1879,Medium Risk,Manual Review,0
647,0.1635,Medium Risk,Manual Review,0
687,0.0465,Low Risk,Approve,0
653,0.1372,Low Risk,Approve,0
586,0.6174,Medium Risk,Manual Review,0
708,0.0229,Low Risk,Approve,0
701,0.0291,Low Risk,Approve,0
691,0.0415,Low Risk,Approve,0
697,0.0332,Low Risk,Approve,0
646,0.168,Medium Risk,Manual Review,0
695,0.0358,Low Risk,Approve,0
656,0.1267,Low Risk,Approve,0
719,0.0158,Low Risk,Approve,0
644,0.1799,Medium Risk,Manual Review,0
635,0.2303,Medium Risk,Manual Review,0
685,0.0497,Low Risk,Approve,0
660,0.11,Low Risk,Approve,0
652,0.1402,Low Risk,Approve,0
647,0.1634,Medium Risk,Manual Review,0
692,0.0392,Low Risk,Approve,0
627,0.2799,Medium Risk,Manual Review,0
635,0.2317,Medium Risk,Manual Review,0
697,0.0332,Low Risk,Approve,0
595,0.5405,Medium Risk,Manual Review,0
672,0.0771,Low Risk,Approve,0
524,0.9335,High Risk,Decline,1
645,0.176,Medium Risk,Manual Review,0
681,0.0572,Low Risk,Approve,0
687,0.0468,Low Risk,Approve,0
640,0.2024,Medium Risk,Manual Review,0
669,0.083,Low Risk,Approve,0
587,0.6136,Medium Risk,Manual Review,0
678,0.0626,Low Risk,Approve,0
651,0.1468,Low Risk,Approve,0
674,0.0712,Low Risk,Approve,0
662,0.1036,Low Risk,Approve,0
699,0.0313,Low Risk,Approve,0
610,0.4155,Medium Risk,Manual Review,0
579,0.6715,Medium Risk,Manual Review,1
650,0.1488,Low Risk,Approve,0
674,0.0719,Low Risk,Approve,0
663,0.1014,Low Risk,Approve,0
693,0.0388,Low Risk,Approve,0
672,0.0771,Low Risk,Approve,0
673,0.075,Low Risk,Approve,0
636,0.2202,Medium Risk,Manual Review,0
657,0.1227,Low Risk,Approve,0
643,0.1816,Medium Risk,Manual Review,0
622,0.3199,Medium Risk,Manual Review,0
561,0.7918,Medium Risk,Manual Review,0
664,0.0991,Low Risk,Approve,0
662,0.1051,Low Risk,Approve,0
641,0.1928,Medium Risk,Manual Review,0
686,0.0477,Low Risk,Approve,0
705,0.0256,Low Risk,Approve,0
591,0.5784,Medium Risk,Manual Review,0
621,0.3283,Medium Risk,Manual Review,0
661,0.1086,Low Risk,Approve,0
617,0.3583,Medium Risk,Manual Review,0
589,0.5981,Medium Risk,Manual Review,0
654,0.1345,Low Risk,Approve,0
668,0.0862,Low Risk,Approve,0
681,0.0568,Low Risk,Approve,0
687,0.0475,Low Risk,Approve,0
641,0.192,Medium Risk,Manual Review,0
686,0.049,Low Risk,Approve,0
593,0.56,Medium Risk,Manual Review,0
678,0.0622,Low Risk,Approve,0
657,0.1206,Low Risk,Approve,0
643,0.1856,Medium Risk,Manual Review,0
639,0.2061,Medium Risk,Manual Review,0
665,0.0959,Low Risk,Approve,0
596,0.5358,Medium Risk,Manual Review,0
625,0.2953,Medium Risk,Manual Review,0
650,0.1494,Low Risk,Approve,0
536,0.9003,High Risk,Decline,0
693,0.0386,Low Risk,Approve,0
722,0.0144,Low Risk,Approve,0
594,0.5554,Medium Risk,Manual Review,0
594,0.5554,Medium Risk,Manual Review,0
719,0.0159,Low Risk,Approve,0
656,0.1258,Low Risk,Approve,0
649,0.1542,Medium Risk,Manual Review,0
702,0.0283,Low Risk,Approve,0
722,0.0143,Low Risk,Approve,0
559,0.8082,Medium Risk,Manual Review,0
711,0.0206,Low Risk,Approve,0
551,0.8438,Medium Risk,Manual Review,0
684,0.0516,Low Risk,Approve,0
694,0.0375,Low Risk,Approve,0
699,0.0314,Low Risk,Approve,0
629,0.2699,Medium Risk,Manual Review,0
715,0.0184,Low Risk,Approve,0
601,0.4895,Medium Risk,Manual Review,0
648,0.1615,Medium Risk,Manual Review,0
679,0.0614,Low Risk,Approve,0
571,0.7334,Medium Risk,Manual Review,0
680,0.0587,Low Risk,Approve,0
651,0.145,Low Risk,Approve,0
646,0.169,Medium Risk,Manual Review,0
597,0.5303,Medium Risk,Manual Review,0
609,0.4232,Medium Risk,Manual Review,1
609,0.4221,Medium Risk,Manual Review,0
661,0.1081,Low Risk,Approve,0
611,0.4045,Medium Risk,Manual Review,0
645,0.1718,Medium Risk,Manual Review,0
673,0.0746,Low Risk,Approve,0
743,0.0069,Low Risk,Approve,0
619,0.3393,Medium Risk,Manual Review,0
626,0.287,Medium Risk,Manual Review,0
687,0.0463,Low Risk,Approve,0
705,0.0259,Low Risk,Approve,0
676,0.068,Low Risk,Approve,0
671,0.078,Low Risk,Approve,0
671,0.0787,Low Risk,Approve,0
619,0.3436,Medium Risk,Manual Review,0
696,0.0343,Low Risk,Approve,0
629,0.2677,Medium Risk,Manual Review,0
606,0.4486,Medium Risk,Manual Review,0
671,0.0775,Low Risk,Approve,0
648,0.1601,Medium Risk,Manual Review,0
708,0.0228,Low Risk,Approve,0
651,0.1469,Low Risk,Approve,0
616,0.3651,Medium Risk,Manual Review,0
655,0.1287,Low Risk,Approve,0
645,0.1755,Medium Risk,Manual Review,0
692,0.0395,Low Risk,Approve,0
663,0.0997,Low Risk,Approve,0
651,0.1465,Low Risk,Approve,0
606,0.4499,Medium Risk,Manual Review,0
677,0.0656,Low Risk,Approve,0
660,0.1115,Low Risk,Approve,0
706,0.0247,Low Risk,Approve,0
663,0.1015,Low Risk,Approve,0
657,0.1209,Low Risk,Approve,0
650,0.1524,Low Risk,Approve,0
664,0.0991,Low Risk,Approve,0
728,0.0117,Low Risk,Approve,0
648,0.1597,Medium Risk,Manual Review,0
692,0.0402,Low Risk,Approve,0
689,0.0432,Low Risk,Approve,0
687,0.0468,Low Risk,Approve,0
688,0.045,Low Risk,Approve,0
654,0.1318,Low Risk,Approve,0
643,0.1819,Medium Risk,Manual Review,0
613,0.3926,Medium Risk,Manual Review,0
672,0.0764,Low Risk,Approve,0
637,0.2156,Medium Risk,Manual Review,0
640,0.1995,Medium Risk,Manual Review,0
683,0.054,Low Risk,Approve,0
606,0.4446,Medium Risk,Manual Review,0
621,0.3284,Medium Risk,Manual Review,0
653,0.1359,Low Risk,Approve,0
682,0.0548,Low Risk,Approve,0
702,0.0284,Low Risk,Approve,0
698,0.0325,Low Risk,Approve,0
670,0.0803,Low Risk,Approve,0
701,0.0297,Low Risk,Approve,0
671,0.0788,Low Risk,Approve,0
759,0.0041,Very Low Risk,Auto Approve,0
614,0.3846,Medium Risk,Manual Review,0
693,0.0388,Low Risk,Approve,0
628,0.2776,Medium Risk,Manual Review,0
644,0.1795,Medium Risk,Manual Review,0
698,0.0326,Low Risk,Approve,0
634,0.2329,Medium Risk,Manual Review,0
680,0.0583,Low Risk,Approve,0
607,0.4362,Medium Risk,Manual Review,0
622,0.3149,Medium Risk,Manual Review,0
613,0.3875,Medium Risk,Manual Review,0
749,0.0057,Low Risk,Approve,0
656,0.1254,Low Risk,Approve,1
646,0.168,Medium Risk,Manual Review,0
637,0.2185,Medium Risk,Manual Review,0
673,0.0749,Low Risk,Approve,0
589,0.5976,Medium Risk,Manual Review,0
648,0.1587,Medium Risk,Manual Review,0
718,0.0164,Low Risk,Approve,0
707,0.0239,Low Risk,Approve,0
705,0.0253,Low Risk,Approve,0
584,0.6352,Medium Risk,Manual Review,0
613,0.3897,Medium Risk,Manual Review,0
701,0.0289,Low Risk,Approve,0
623,0.3108,Medium Risk,Manual Review,0
656,0.1261,Low Risk,Approve,0
694,0.0376,Low Risk,Approve,0
653,0.1365,Low Risk,Approve,0
716,0.0177,Low Risk,Approve,0
645,0.1734,Medium Risk,Manual Review,0
685,0.0495,Low Risk,Approve,0
668,0.0857,Low Risk,Approve,0
707,0.0239,Low Risk,Approve,0
694,0.0371,Low Risk,Approve,0
708,0.0232,Low Risk,Approve,0
732,0.0103,Low Risk,Approve,0
707,0.0239,Low Risk,Approve,0
674,0.0721,Low Risk,Approve,0
668,0.0878,Low Risk,Approve,0
671,0.0787,Low Risk,Approve,0
698,0.032,Low Risk,Approve,0
645,0.1729,Medium Risk,Manual Review,0
663,0.1022,Low Risk,Approve,0
618,0.3458,Medium Risk,Manual Review,0
714,0.0187,Low Risk,Approve,0
613,0.3858,Medium Risk,Manual Review,0
692,0.0402,Low Risk,Approve,0
772,0.0025,Very Low Risk,Auto Approve,0
723,0.014,Low Risk,Approve,0
631,0.2559,Medium Risk,Manual Review,0
722,0.0143,Low Risk,Approve,0
727,0.0122,Low Risk,Approve,0
663,0.101,Low Risk,Approve,0
726,0.0124,Low Risk,Approve,0
656,0.1245,Low Risk,Approve,0
630,0.2629,Medium Risk,Manual Review,0
609,0.4191,Medium Risk,Manual Review,0
650,0.1487,Low Risk,Approve,0
744,0.0066,Low Risk,Approve,0
680,0.0581,Low Risk,Approve,0
628,0.2755,Medium Risk,Manual Review,0
606,0.4497,Medium Risk,Manual Review,1
680,0.0582,Low Risk,Approve,0
690,0.0423,Low Risk,Approve,0
635,0.227,Medium Risk,Manual Review,0
721,0.0147,Low Risk,Approve,0
601,0.4907,Medium Risk,Manual Review,0
692,0.039,Low Risk,Approve,0
670,0.0802,Low Risk,Approve,0
575,0.7008,Medium Risk,Manual Review,0
719,0.0157,Low Risk,Approve,0
642,0.1881,Medium Risk,Manual Review,0
680,0.0585,Low Risk,Approve,0
655,0.1288,Low Risk,Approve,0
661,0.1091,Low Risk,Approve,0
637,0.2193,Medium Risk,Manual Review,0
601,0.4945,Medium Risk,Manual Review,0
591,0.5772,Medium Risk,Manual Review,0
582,0.6504,Medium Risk,Manual Review,0
747,0.006,Low Risk,Approve,0
659,0.1155,Low Risk,Approve,0
592,0.573,Medium Risk,Manual Review,0
676,0.0669,Low Risk,Approve,0
624,0.3048,Medium Risk,Manual Review,0
579,0.6768,Medium Risk,Manual Review,1
636,0.226,Medium Risk,Manual Review,0
637,0.2175,Medium Risk,Manual Review,0
722,0.0145,Low Risk,Approve,0
569,0.7471,Medium Risk,Manual Review,0
592,0.5708,Medium Risk,Manual Review,0
639,0.2029,Medium Risk,Manual Review,0
603,0.4698,Medium Risk,Manual Review,0
681,0.0578,Low Risk,Approve,0
635,0.2291,Medium Risk,Manual Review,0
603,0.4714,Medium Risk,Manual Review,1
636,0.2207,Medium Risk,Manual Review,0
648,0.1614,Medium Risk,Manual Review,0
653,0.1377,Low Risk,Approve,0
712,0.02,Low Risk,Approve,0
664,0.098,Low Risk,Approve,0
654,0.1321,Low Risk,Approve,0
688,0.0447,Low Risk,Approve,0
623,0.3095,Medium Risk,Manual Review,0
627,0.2843,Medium Risk,Manual Review,0
620,0.3353,Medium Risk,Manual Review,0
657,0.1215,Low Risk,Approve,0
683,0.0536,Low Risk,Approve,0
617,0.3539,Medium Risk,Manual Review,0
581,0.6603,Medium Risk,Manual Review,0
638,0.2103,Medium Risk,Manual Review,0
650,0.1492,Low Risk,Approve,0
638,0.2089,Medium Risk,Manual Review,0
652,0.1416,Low Risk,Approve,0
572,0.7234,Medium Risk,Manual Review,0
690,0.0422,Low Risk,Approve,0
633,0.2406,Medium Risk,Manual Review,0
635,0.2295,Medium Risk,Manual Review,0
667,0.0897,Low Risk,Approve,0
682,0.0544,Low Risk,Approve,0
678,0.0631,Low Risk,Approve,0
722,0.0145,Low Risk,Approve,0
672,0.0755,Low Risk,Approve,0
713,0.0193,Low Risk,Approve,0
680,0.0581,Low Risk,Approve,0
673,0.0728,Low Risk,Approve,0
720,0.0152,Low Risk,Approve,0
692,0.0395,Low Risk,Approve,0
638,0.2132,Medium Risk,Manual Review,0
667,0.0883,Low Risk,Approve,0
649,0.1538,Medium Risk,Manual Review,0
612,0.3998,Medium Risk,Manual Review,0
651,0.1447,Low Risk,Approve,0
712,0.0201,Low Risk,Approve,0
700,0.0302,Low Risk,Approve,0
564,0.7777,Medium Risk,Manual Review,0
649,0.1559,Medium Risk,Manual Review,1
576,0.6973,Medium Risk,Manual Review,0
655,0.1288,Low Risk,Approve,0
653,0.1381,Low Risk,Approve,0
677,0.065,Low Risk,Approve,1
673,0.0728,Low Risk,Approve,0
643,0.1859,Medium Risk,Manual Review,0
685,0.0503,Low Risk,Approve,0
707,0.0236,Low Risk,Approve,0
658,0.1188,Low Risk,Approve,0
670,0.0808,Low Risk,Approve,0
609,0.4211,Medium Risk,Manual Review,0
625,0.2944,Medium Risk,Manual Review,0
633,0.2401,Medium Risk,Manual Review,0
637,0.2176,Medium Risk,Manual Review,0
606,0.4443,Medium Risk,Manual Review,0
702,0.0287,Low Risk,Approve,0
692,0.0398,Low Risk,Approve,0
672,0.076,Low Risk,Approve,0
716,0.0175,Low Risk,Approve,0
668,0.0865,Low Risk,Approve,0
655,0.1302,Low Risk,Approve,0
653,0.1388,Low Risk,Approve,0
657,0.1234,Low Risk,Approve,1
632,0.246,Medium Risk,Manual Review,0
575,0.703,Medium Risk,Manual Review,0
575,0.7036,Medium Risk,Manual Review,0
592,0.5687,Medium Risk,Manual Review,0
631,0.2577,Medium Risk,Manual Review,0
603,0.4745,Medium Risk,Manual Review,0
636,0.2223,Medium Risk,Manual Review,0
619,0.342,Medium Risk,Manual Review,0
702,0.0281,Low Risk,Approve,0
644,0.1774,Medium Risk,Manual Review,0
587,0.6075,Medium Risk,Manual Review,0
674,0.0711,Low Risk,Approve,0
602,0.4859,Medium Risk,Manual Review,1
604,0.4646,Medium Risk,Manual Review,0
667,0.0905,Low Risk,Approve,0
660,0.1116,Low Risk,Approve,0
667,0.0895,Low Risk,Approve,0
606,0.4488,Medium Risk,Manual Review,0
641,0.1937,Medium Risk,Manual Review,0
619,0.3406,Medium Risk,Manual Review,0
682,0.0546,Low Risk,Approve,0
653,0.1377,Low Risk,Approve,0
681,0.0562,Low Risk,Approve,0
628,0.2751,Medium Risk,Manual Review,0
664,0.0994,Low Risk,Approve,0
646,0.1686,Medium Risk,Manual Review,0
679,0.0612,Low Risk,Approve,0
642,0.1874,Medium Risk,Manual Review,0
588,0.6013,Medium Risk,Manual Review,0
663,0.1025,Low Risk,Approve,0
615,0.3747,Medium Risk,Manual Review,0
640,0.2005,Medium Risk,Manual Review,0
750,0.0055,Very Low Risk,Auto Approve,0
724,0.0136,Low Risk,Approve,0
666,0.0923,Low Risk,Approve,0
644,0.1811,Medium Risk,Manual Review,0
663,0.102,Low Risk,Approve,0
660,0.1116,Low Risk,Approve,0
693,0.0386,Low Risk,Approve,0
647,0.1635,Medium Risk,Manual Review,0
689,0.0431,Low Risk,Approve,0
569,0.7472,Medium Risk,Manual Review,0
686,0.0479,Low Risk,Approve,0
660,0.1127,Low Risk,Approve,0
664,0.0967,Low Risk,Approve,0
692,0.0391,Low Risk,Approve,0
732,0.0101,Low Risk,Approve,0
661,0.1086,Low Risk,Approve,0
678,0.062,Low Risk,Approve,0
632,0.2449,Medium Risk,Manual Review,0
669,0.0831,Low Risk,Approve,0
708,0.0229,Low Risk,Approve,0
638,0.2085,Medium Risk,Manual Review,0
673,0.0735,Low Risk,Approve,0
718,0.0164,Low Risk,Approve,0
710,0.0216,Low Risk,Approve,0
729,0.0111,Low Risk,Approve,0
657,0.1229,Low Risk,Approve,0
623,0.309,Medium Risk,Manual Review,0
705,0.0259,Low Risk,Approve,0
641,0.1943,Medium Risk,Manual Review,0
596,0.5369,Medium Risk,Manual Review,0
602,0.4821,Medium Risk,Manual Review,0
688,0.045,Low Risk,Approve,0
638,0.2126,Medium Risk,Manual Review,0
604,0.4624,Medium Risk,Manual Review,0
603,0.4714,Medium Risk,Manual Review,1
672,0.0751,Low Risk,Approve,1
620,0.3307,Medium Risk,Manual Review,1
622,0.3187,Medium Risk,Manual Review,1
587,0.6135,Medium Risk,Manual Review,1
672,0.0755,Low Risk,Approve,0
647,0.1633,Medium Risk,Manual Review,0
668,0.0871,Low Risk,Approve,0
638,0.2106,Medium Risk,Manual Review,0
621,0.324,Medium Risk,Manual Review,0
649,0.1534,Medium Risk,Manual Review,0
643,0.1832,Medium Risk,Manual Review,0
664,0.0974,Low Risk,Approve,0
733,0.0099,Low Risk,Approve,0
721,0.0147,Low Risk,Approve,0
651,0.145,Low Risk,Approve,0
634,0.2339,Medium Risk,Manual Review,0
578,0.6796,Medium Risk,Manual Review,0
603,0.4738,Medium Risk,Manual Review,0
698,0.0326,Low Risk,Approve,0
705,0.0257,Low Risk,Approve,0
724,0.0135,Low Risk,Approve,0
568,0.7526,Medium Risk,Manual Review,0
617,0.3551,Medium Risk,Manual Review,1
634,0.2375,Medium Risk,Manual Review,0
615,0.3692,Medium Risk,Manual Review,1
598,0.5154,Medium Risk,Manual Review,0
733,0.0099,Low Risk,Approve,0
618,0.3516,Medium Risk,Manual Review,0
631,0.2563,Medium Risk,Manual Review,0
701,0.0293,Low Risk,Approve,0
637,0.2179,Medium Risk,Manual Review,0
698,0.0321,Low Risk,Approve,0
611,0.4063,Medium Risk,Manual Review,0
690,0.0428,Low Risk,Approve,0
656,0.1251,Low Risk,Approve,0
698,0.0327,Low Risk,Approve,0
634,0.2375,Medium Risk,Manual Review,0
626,0.2856,Medium Risk,Manual Review,0
548,0.8575,High Risk,Decline,0
603,0.476,Medium Risk,Manual Review,0
671,0.079,Low Risk,Approve,0
678,0.0627,Low Risk,Approve,0
683,0.0527,Low Risk,Approve,0
696,0.0344,Low Risk,Approve,0
535,0.9037,High Risk,Decline,1
630,0.2608,Medium Risk,Manual Review,0
648,0.1578,Medium Risk,Manual Review,0
622,0.32,Medium Risk,Manual Review,0
595,0.5406,Medium Risk,Manual Review,0
666,0.0911,Low Risk,Approve,0
680,0.0597,Low Risk,Approve,0
649,0.1557,Medium Risk,Manual Review,0
619,0.3419,Medium Risk,Manual Review,0
633,0.2425,Medium Risk,Manual Review,0
616,0.3654,Medium Risk,Manual Review,0
620,0.3366,Medium Risk,Manual Review,0
625,0.2943,Medium Risk,Manual Review,0
576,0.6996,Medium Risk,Manual Review,0
594,0.5501,Medium Risk,Manual Review,1
580,0.6695,Medium Risk,Manual Review,1
621,0.3275,Medium Risk,Manual Review,1
597,0.5291,Medium Risk,Manual Review,1
593,0.5624,Medium Risk,Manual Review,1
594,0.5531,Medium Risk,Manual Review,1
681,0.0565,Low Risk,Approve,1
574,0.709,Medium Risk,Manual Review,1
575,0.7063,Medium Risk,Manual Review,1
645,0.1725,Medium Risk,Manual Review,0
604,0.4645,Medium Risk,Manual Review,0
614,0.3786,Medium Risk,Manual Review,0
615,0.3714,Medium Risk,Manual Review,0
616,0.3667,Medium Risk,Manual Review,0
632,0.245,Medium Risk,Manual Review,0
617,0.3591,Medium Risk,Manual Review,0
535,0.9034,High Risk,Decline,1
530,0.9177,High Risk,Decline,1
574,0.7077,Medium Risk,Manual Review,0
614,0.3816,Medium Risk,Manual Review,0
633,0.239,Medium Risk,Manual Review,0
615,0.3727,Medium Risk,Manual Review,0
650,0.1504,Low Risk,Approve,0
576,0.6945,Medium Risk,Manual Review,1
599,0.5047,Medium Risk,Manual Review,1
682,0.0554,Low Risk,Approve,0
615,0.3744,Medium Risk,Manual Review,0
611,0.4066,Medium Risk,Manual Review,0
600,0.4991,Medium Risk,Manual Review,1
617,0.3591,Medium Risk,Manual Review,0
658,0.119,Low Risk,Approve,0
619,0.3449,Medium Risk,Manual Review,0
591,0.5741,Medium Risk,Manual Review,0
604,0.4686,Medium Risk,Manual Review,0
569,0.7484,Medium Risk,Manual Review,1
604,0.4653,Medium Risk,Manual Review,0
596,0.5368,Medium Risk,Manual Review,0
611,0.4056,Medium Risk,Manual Review,0
590,0.5839,Medium Risk,Manual Review,0
598,0.514,Medium Risk,Manual Review,0
623,0.3098,Medium Risk,Manual Review,0
586,0.617,Medium Risk,Manual Review,0
585,0.625,Medium Risk,Manual Review,1
660,0.1122,Low Risk,Approve,0
666,0.0909,Low Risk,Approve,0
606,0.4495,Medium Risk,Manual Review,0
644,0.1772,Medium Risk,Manual Review,0
609,0.4239,Medium Risk,Manual Review,0
628,0.2747,Medium Risk,Manual Review,0
628,0.2727,Medium Risk,Manual Review,0
668,0.0854,Low Risk,Approve,0
725,0.0128,Low Risk,Approve,0
718,0.0163,Low Risk,Approve,0
585,0.6304,Medium Risk,Manual Review,0
605,0.4564,Medium Risk,Manual Review,0
593,0.5563,Medium Risk,Manual Review,0
595,0.5396,Medium Risk,Manual Review,0
573,0.7159,Medium Risk,Manual Review,0
585,0.6279,Medium Risk,Manual Review,0
566,0.7669,Medium Risk,Manual Review,0
634,0.2333,Medium Risk,Manual Review,1
627,0.2819,Medium Risk,Manual Review,0
615,0.3742,Medium Risk,Manual Review,0
651,0.1439,Low Risk,Approve,0
623,0.3125,Medium Risk,Manual Review,0
548,0.8605,High Risk,Decline,0
625,0.2978,Medium Risk,Manual Review,0
577,0.6921,Medium Risk,Manual Review,1
645,0.1725,Medium Risk,Manual Review,0
528,0.9228,High Risk,Decline,0
683,0.0527,Low Risk,Approve,0
651,0.1475,Low Risk,Approve,0
604,0.4687,Medium Risk,Manual Review,0
611,0.4084,Medium Risk,Manual Review,0
642,0.1887,Medium Risk,Manual Review,0
670,0.0806,Low Risk,Approve,0
674,0.0704,Low Risk,Approve,0
714,0.0191,Low Risk,Approve,0
587,0.6068,Medium Risk,Manual Review,0
631,0.2528,Medium Risk,Manual Review,0
624,0.3037,Medium Risk,Manual Review,1
656,0.1259,Low Risk,Approve,0
728,0.0118,Low Risk,Approve,0
678,0.0619,Low Risk,Approve,0
700,0.0307,Low Risk,Approve,0
649,0.154,Medium Risk,Manual Review,0
602,0.4825,Medium Risk,Manual Review,0
641,0.1961,Medium Risk,Manual Review,0
640,0.2018,Medium Risk,Manual Review,0
639,0.2054,Medium Risk,Manual Review,0
665,0.0958,Low Risk,Approve,0
656,0.1243,Low Risk,Approve,0
622,0.3199,Medium Risk,Manual Review,0
680,0.0589,Low Risk,Approve,0
635,0.2311,Medium Risk,Manual Review,0
636,0.2212,Medium Risk,Manual Review,0
610,0.4112,Medium Risk,Manual Review,0
648,0.1585,Medium Risk,Manual Review,0
620,0.3319,Medium Risk,Manual Review,0
658,0.1195,Low Risk,Approve,0
645,0.1722,Medium Risk,Manual Review,0
651,0.1441,Low Risk,Approve,0
711,0.0212,Low Risk,Approve,0
661,0.109,Low Risk,Approve,0
593,0.5631,Medium Risk,Manual Review,0
651,0.1463,Low Risk,Approve,0
658,0.1181,Low Risk,Approve,0
719,0.0157,Low Risk,Approve,0
610,0.4149,Medium Risk,Manual Review,0
679,0.0607,Low Risk,Approve,0
598,0.5205,Medium Risk,Manual Review,0
560,0.7987,Medium Risk,Manual Review,0
618,0.3479,Medium Risk,Manual Review,0
602,0.4817,Medium Risk,Manual Review,1
631,0.2517,Medium Risk,Manual Review,0
598,0.5158,Medium Risk,Manual Review,0
609,0.4261,Medium Risk,Manual Review,0
686,0.0488,Low Risk,Approve,0
661,0.1062,Low Risk,Approve,0
636,0.2236,Medium Risk,Manual Review,0
624,0.3061,Medium Risk,Manual Review,0
660,0.1104,Low Risk,Approve,0
637,0.2176,Medium Risk,Manual Review,0
648,0.1591,Medium Risk,Manual Review,0
624,0.3044,Medium Risk,Manual Review,1
645,0.1753,Medium Risk,Manual Review,0
570,0.7387,Medium Risk,Manual Review,0
610,0.4123,Medium Risk,Manual Review,0
682,0.0552,Low Risk,Approve,0
694,0.0366,Low Risk,Approve,0
640,0.2026,Medium Risk,Manual Review,0
656,0.1243,Low Risk,Approve,0
548,0.8564,High Risk,Decline,1
609,0.4251,Medium Risk,Manual Review,0
597,0.5243,Medium Risk,Manual Review,0
575,0.7033,Medium Risk,Manual Review,0
680,0.0597,Low Risk,Approve,0
674,0.0704,Low Risk,Approve,0
676,0.0677,Low Risk,Approve,0
599,0.5084,Medium Risk,Manual Review,0
542,0.8802,High Risk,Decline,0
691,0.0411,Low Risk,Approve,1
601,0.4921,Medium Risk,Manual Review,1
603,0.478,Medium Risk,Manual Review,1
558,0.8108,Medium Risk,Manual Review,1
631,0.2551,Medium Risk,Manual Review,0
683,0.0525,Low Risk,Approve,0
671,0.0797,Low Risk,Approve,0
603,0.474,Medium Risk,Manual Review,0
630,0.2613,Medium Risk,Manual Review,0
666,0.0913,Low Risk,Approve,0
659,0.1147,Low Risk,Approve,0
679,0.0598,Low Risk,Approve,0
610,0.413,Medium Risk,Manual Review,0
556,0.8194,Medium Risk,Manual Review,0
625,0.2935,Medium Risk,Manual Review,0
739,0.0081,Low Risk,Approve,0
592,0.5718,Medium Risk,Manual Review,0
605,0.4544,Medium Risk,Manual Review,0
686,0.0482,Low Risk,Approve,0
645,0.1726,Medium Risk,Manual Review,0
718,0.0164,Low Risk,Approve,0
625,0.2938,Medium Risk,Manual Review,0
600,0.5029,Medium Risk,Manual Review,0
666,0.0923,Low Risk,Approve,0
715,0.0182,Low Risk,Approve,0
637,0.2152,Medium Risk,Manual Review,1
713,0.0195,Low Risk,Approve,0
670,0.0823,Low Risk,Approve,0
670,0.0822,Low Risk,Approve,0
652,0.1403,Low Risk,Approve,0
649,0.1555,Medium Risk,Manual Review,0
599,0.5094,Medium Risk,Manual Review,0
619,0.3447,Medium Risk,Manual Review,0
581,0.6581,Medium Risk,Manual Review,0
602,0.4807,Medium Risk,Manual Review,1
650,0.1517,Low Risk,Approve,1
639,0.2069,Medium Risk,Manual Review,1
628,0.2738,Medium Risk,Manual Review,1
569,0.746,Medium Risk,Manual Review,1
610,0.4114,Medium Risk,Manual Review,1
564,0.7795,Medium Risk,Manual Review,1
569,0.7428,Medium Risk,Manual Review,1
579,0.6731,Medium Risk,Manual Review,1
619,0.3387,Medium Risk,Manual Review,1
594,0.5537,Medium Risk,Manual Review,1
615,0.3766,Medium Risk,Manual Review,1
547,0.8616,High Risk,Decline,1
654,0.1345,Low Risk,Approve,1
678,0.0629,Low Risk,Approve,1
645,0.1739,Medium Risk,Manual Review,1
655,0.1297,Low Risk,Approve,1
610,0.411,Medium Risk,Manual Review,1
609,0.4219,Medium Risk,Manual Review,1
603,0.476,Medium Risk,Manual Review,1
596,0.5339,Medium Risk,Manual Review,1
596,0.532,Medium Risk,Manual Review,1
573,0.7171,Medium Risk,Manual Review,1
593,0.5613,Medium Risk,Manual Review,1
568,0.7492,Medium Risk,Manual Review,1
575,0.7064,Medium Risk,Manual Review,1
634,0.2352,Medium Risk,Manual Review,1
628,0.2722,Medium Risk,Manual Review,1
657,0.1207,Low Risk,Approve,1
634,0.2328,Medium Risk,Manual Review,1
607,0.4402,Medium Risk,Manual Review,1
556,0.8214,Medium Risk,Manual Review,1
573,0.7149,Medium Risk,Manual Review,1
553,0.8347,Medium Risk,Manual Review,1
704,0.0267,Low Risk,Approve,1
577,0.689,Medium Risk,Manual Review,1
657,0.1207,Low Risk,Approve,1
603,0.4766,Medium Risk,Manual Review,1
596,0.5374,Medium Risk,Manual Review,1
580,0.6705,Medium Risk,Manual Review,1
654,0.1318,Low Risk,Approve,1
541,0.8846,High Risk,Decline,1
563,0.7805,Medium Risk,Manual Review,1
625,0.2942,Medium Risk,Manual Review,1
547,0.8638,High Risk,Decline,1
654,0.1332,Low Risk,Approve,1
607,0.4382,Medium Risk,Manual Review,1
591,0.5791,Medium Risk,Manual Review,1
604,0.4643,Medium Risk,Manual Review,1
611,0.4022,Medium Risk,Manual Review,1
596,0.5373,Medium Risk,Manual Review,1
597,0.5298,Medium Risk,Manual Review,1
600,0.4976,Medium Risk,Manual Review,1
610,0.4122,Medium Risk,Manual Review,1
553,0.8345,Medium Risk,Manual Review,1
552,0.8412,Medium Risk,Manual Review,1
569,0.7475,Medium Risk,Manual Review,1
605,0.4553,Medium Risk,Manual Review,1
556,0.8203,Medium Risk,Manual Review,1
572,0.723,Medium Risk,Manual Review,1
538,0.8954,High Risk,Decline,1
606,0.4501,Medium Risk,Manual Review,1
612,0.3983,Medium Risk,Manual Review,1
598,0.5211,Medium Risk,Manual Review,1
635,0.2275,Medium Risk,Manual Review,1
626,0.2885,Medium Risk,Manual Review,1
599,0.5092,Medium Risk,Manual Review,1
617,0.3529,Medium Risk,Manual Review,1
626,0.2861,Medium Risk,Manual Review,1
611,0.4059,Medium Risk,Manual Review,1
545,0.8687,High Risk,Decline,1
580,0.6664,Medium Risk,Manual Review,1
615,0.3728,Medium Risk,Manual Review,1
588,0.6004,Medium Risk,Manual Review,1
617,0.3577,Medium Risk,Manual Review,1
555,0.8272,Medium Risk,Manual Review,1
600,0.5027,Medium Risk,Manual Review,1
601,0.4929,Medium Risk,Manual Review,1
592,0.5723,Medium Risk,Manual Review,1
564,0.7759,Medium Risk,Manual Review,1
637,0.2152,Medium Risk,Manual Review,1
620,0.3339,Medium Risk,Manual Review,1
619,0.3447,Medium Risk,Manual Review,1
654,0.1346,Low Risk,Approve,1
603,0.4781,Medium Risk,Manual Review,1
618,0.3524,Medium Risk,Manual Review,1
602,0.4784,Medium Risk,Manual Review,1
604,0.4672,Medium Risk,Manual Review,1
667,0.0895,Low Risk,Approve,1
590,0.5836,Medium Risk,Manual Review,1
630,0.2644,Medium Risk,Manual Review,1
651,0.1444,Low Risk,Approve,1
566,0.7637,Medium Risk,Manual Review,1
601,0.4898,Medium Risk,Manual Review,1
660,0.1114,Low Risk,Approve,1
593,0.5572,Medium Risk,Manual Review,1
510,0.9571,High Risk,Decline,1
581,0.6596,Medium Risk,Manual Review,1
572,0.7242,Medium Risk,Manual Review,1
609,0.4218,Medium Risk,Manual Review,1
568,0.7533,Medium Risk,Manual Review,1
607,0.4369,Medium Risk,Manual Review,1
674,0.0726,Low Risk,Approve,1
623,0.3136,Medium Risk,Manual Review,1
567,0.7598,Medium Risk,Manual Review,1
580,0.6637,Medium Risk,Manual Review,1
566,0.7654,Medium Risk,Manual Review,1
590,0.5864,Medium Risk,Manual Review,1
602,0.4819,Medium Risk,Manual Review,1
624,0.3036,Medium Risk,Manual Review,1
546,0.8661,High Risk,Decline,1
636,0.2258,Medium Risk,Manual Review,1
665,0.094,Low Risk,Approve,1
553,0.8351,Medium Risk,Manual Review,1
702,0.028,Low Risk,Approve,1
584,0.6392,Medium Risk,Manual Review,1
600,0.4969,Medium Risk,Manual Review,1
578,0.683,Medium Risk,Manual Review,1
584,0.6364,Medium Risk,Manual Review,1
588,0.6008,Medium Risk,Manual Review,1
600,0.5,Medium Risk,Manual Review,1
618,0.3485,Medium Risk,Manual Review,1
595,0.5434,Medium Risk,Manual Review,1
552,0.8394,Medium Risk,Manual Review,1
606,0.4476,Medium Risk,Manual Review,1
597,0.5226,Medium Risk,Manual Review,1
575,0.7013,Medium Risk,Manual Review,1
606,0.4506,Medium Risk,Manual Review,1
585,0.6253,Medium Risk,Manual Review,1
582,0.6485,Medium Risk,Manual Review,1
631,0.255,Medium Risk,Manual Review,1
532,0.9138,High Risk,Decline,1
597,0.5284,Medium Risk,Manual Review,1
617,0.3592,Medium Risk,Manual Review,1
582,0.652,Medium Risk,Manual Review,1
574,0.7117,Medium Risk,Manual Review,1
551,0.846,Medium Risk,Manual Review,1
609,0.4192,Medium Risk,Manual Review,1
540,0.8888,High Risk,Decline,1
559,0.804,Medium Risk,Manual Review,1
609,0.4235,Medium Risk,Manual Review,1
676,0.066,Low Risk,Approve,1
567,0.759,Medium Risk,Manual Review,1
604,0.4646,Medium Risk,Manual Review,1
587,0.6099,Medium Risk,Manual Review,1
662,0.1036,Low Risk,Approve,1
626,0.2908,Medium Risk,Manual Review,1
605,0.4555,Medium Risk,Manual Review,1
684,0.0515,Low Risk,Approve,1
587,0.6095,Medium Risk,Manual Review,1
598,0.519,Medium Risk,Manual Review,1
563,0.7823,Medium Risk,Manual Review,1
591,0.5768,Medium Risk,Manual Review,1
548,0.8584,High Risk,Decline,1
585,0.6301,Medium Risk,Manual Review,1
564,0.7754,Medium Risk,Manual Review,1
582,0.6478,Medium Risk,Manual Review,1
586,0.6178,Medium Risk,Manual Review,1
532,0.9138,High Risk,Decline,1
575,0.7069,Medium Risk,Manual Review,1
624,0.3063,Medium Risk,Manual Review,1
591,0.5779,Medium Risk,Manual Review,1
557,0.8156,Medium Risk,Manual Review,1
552,0.8424,Medium Risk,Manual Review,1
603,0.4775,Medium Risk,Manual Review,1
594,0.5541,Medium Risk,Manual Review,1
556,0.8202,Medium Risk,Manual Review,1
564,0.7754,Medium Risk,Manual Review,1
608,0.4347,Medium Risk,Manual Review,1
587,0.6113,Medium Risk,Manual Review,1
560,0.7997,Medium Risk,Manual Review,1
570,0.7371,Medium Risk,Manual Review,1
569,0.7463,Medium Risk,Manual Review,1
582,0.6506,Medium Risk,Manual Review,1
581,0.6573,Medium Risk,Manual Review,1
558,0.8094,Medium Risk,Manual Review,1
621,0.3227,Medium Risk,Manual Review,1
579,0.6716,Medium Risk,Manual Review,1
535,0.9038,High Risk,Decline,1
638,0.2086,Medium Risk,Manual Review,1
588,0.6039,Medium Risk,Manual Review,1
610,0.4135,Medium Risk,Manual Review,1
607,0.4394,Medium Risk,Manual Review,1
674,0.0707,Low Risk,Approve,1
642,0.1871,Medium Risk,Manual Review,1
612,0.3976,Medium Risk,Manual Review,1
619,0.3409,Medium Risk,Manual Review,1
580,0.6646,Medium Risk,Manual Review,1
583,0.6436,Medium Risk,Manual Review,1
645,0.1729,Medium Risk,Manual Review,1
599,0.5079,Medium Risk,Manual Review,1
629,0.2651,Medium Risk,Manual Review,1
590,0.5864,Medium Risk,Manual Review,1
625,0.2947,Medium Risk,Manual Review,1
593,0.5566,Medium Risk,Manual Review,1
658,0.117,Low Risk,Approve,1
628,0.2773,Medium Risk,Manual Review,1
541,0.8844,High Risk,Decline,1
697,0.0333,Low Risk,Approve,1
587,0.6105,Medium Risk,Manual Review,1
679,0.0617,Low Risk,Approve,1
612,0.3979,Medium Risk,Manual Review,1
642,0.1896,Medium Risk,Manual Review,1
570,0.7364,Medium Risk,Manual Review,1
582,0.6486,Medium Risk,Manual Review,1
587,0.6124,Medium Risk,Manual Review,1
578,0.6833,Medium Risk,Manual Review,1
545,0.8724,High Risk,Decline,1
620,0.3365,Medium Risk,Manual Review,1
646,0.1702,Medium Risk,Manual Review,1
632,0.2463,Medium Risk,Manual Review,1
523,0.9344,High Risk,Decline,1
574,0.7095,Medium Risk,Manual Review,1
642,0.1916,Medium Risk,Manual Review,1
547,0.8624,High Risk,Decline,1
622,0.3163,Medium Risk,Manual Review,1
604,0.4635,Medium Risk,Manual Review,1
576,0.6953,Medium Risk,Manual Review,1
591,0.5769,Medium Risk,Manual Review,1
607,0.4424,Medium Risk,Manual Review,1
536,0.9015,High Risk,Decline,1
627,0.283,Medium Risk,Manual Review,1
535,0.9045,High Risk,Decline,1
567,0.7598,Medium Risk,Manual Review,1
548,0.8588,High Risk,Decline,1
559,0.806,Medium Risk,Manual Review,1
592,0.569,Medium Risk,Manual Review,1
645,0.1762,Medium Risk,Manual Review,1
643,0.1844,Medium Risk,Manual Review,1
621,0.3284,Medium Risk,Manual Review,1
629,0.2703,Medium Risk,Manual Review,1
594,0.555,Medium Risk,Manual Review,1
575,0.7039,Medium Risk,Manual Review,1
629,0.2679,Medium Risk,Manual Review,1
652,0.1431,Low Risk,Approve,1
634,0.2368,Medium Risk,Manual Review,1
617,0.3564,Medium Risk,Manual Review,1
567,0.7574,Medium Risk,Manual Review,1
586,0.6166,Medium Risk,Manual Review,1
557,0.8143,Medium Risk,Manual Review,1
591,0.5746,Medium Risk,Manual Review,1
643,0.1829,Medium Risk,Manual Review,1
594,0.5484,Medium Risk,Manual Review,1
572,0.7231,Medium Risk,Manual Review,1
619,0.345,Medium Risk,Manual Review,1
591,0.5742,Medium Risk,Manual Review,1
651,0.1458,Low Risk,Approve,1
657,0.1212,Low Risk,Approve,1
612,0.3966,Medium Risk,Manual Review,1
